{
  "metadata": {
    "timestamp": "2025-09-28T10:54:44.567166",
    "total_makespan": 6.95,
    "total_operating_cost": 953.4578247650381,
    "evaluation_score": 1.028941518085497,
    "is_feasible": true
  },
  "truck_routes": [
    {
      "truck_id": 1,
      "sequence": [
        "depot",
        15,
        20,
        8,
        10,
        29,
        16,
        24,
        13,
        "depot"
      ],
      "visited_points_and_loads": [
        [
          15,
          7
        ],
        [
          20,
          10
        ],
        [
          8,
          10
        ],
        [
          29,
          18
        ],
        [
          10,
          9
        ],
        [
          16,
          20
        ],
        [
          24,
          14
        ],
        [
          13,
          11
        ]
      ],
      "total_distance": 98.0,
      "total_time": 6.95,
      "total_cost": 217.6
    },
    {
      "truck_id": 2,
      "sequence": [
        "depot",
        3,
        21,
        35,
        7,
        30,
        "depot"
      ],
      "visited_points_and_loads": [
        [
          3,
          8
        ],
        [
          21,
          20
        ],
        [
          30,
          20
        ],
        [
          7,
          12
        ],
        [
          35,
          12
        ]
      ],
      "total_distance": 68.0,
      "total_time": 4.2,
      "total_cost": 181.6
    },
    {
      "truck_id": 3,
      "sequence": [
        "depot",
        2,
        18,
        33,
        32,
        31,
        19,
        14,
        "depot"
      ],
      "visited_points_and_loads": [
        [
          2,
          10
        ],
        [
          18,
          11
        ],
        [
          33,
          11
        ],
        [
          19,
          19
        ],
        [
          31,
          11
        ],
        [
          32,
          10
        ],
        [
          14,
          13
        ]
      ],
      "total_distance": 96.0,
      "total_time": 6.8999999999999995,
      "total_cost": 215.2
    },
    {
      "truck_id": 4,
      "sequence": [
        "depot",
        5,
        37,
        6,
        4,
        27,
        12,
        28,
        "depot"
      ],
      "visited_points_and_loads": [
        [
          5,
          11
        ],
        [
          37,
          12
        ],
        [
          4,
          10
        ],
        [
          6,
          9
        ],
        [
          12,
          5
        ],
        [
          27,
          21
        ],
        [
          28,
          17
        ]
      ],
      "total_distance": 122.0,
      "total_time": 6.55,
      "total_cost": 246.39999999999998
    }
  ],
  "drone_schedules": [
    {
      "drone_id": 1,
      "total_time": 6.413919631533724,
      "total_cost": 45.65567852613489,
      "trips": [
        {
          "sequence": [
            "depot",
            23,
            "depot"
          ],
          "visited_points_and_loads": [
            [
              23,
              5
            ]
          ],
          "distance": 20.396078054371138,
          "duration": 0.5099019513592784,
          "cost": 2.039607805437114
        },
        {
          "sequence": [
            "depot",
            36,
            "depot"
          ],
          "visited_points_and_loads": [
            [
              36,
              3
            ]
          ],
          "distance": 23.323807579381203,
          "duration": 0.5830951894845301,
          "cost": 2.3323807579381204
        },
        {
          "sequence": [
            "depot",
            9,
            "depot"
          ],
          "visited_points_and_loads": [
            [
              9,
              4
            ]
          ],
          "distance": 26.832815729997478,
          "duration": 0.6708203932499369,
          "cost": 2.683281572999748
        },
        {
          "sequence": [
            "depot",
            26,
            "depot"
          ],
          "visited_points_and_loads": [
            [
              26,
              5
            ]
          ],
          "distance": 20.0,
          "duration": 0.5,
          "cost": 2.0
        },
        {
          "sequence": [
            "depot",
            22,
            "depot"
          ],
          "visited_points_and_loads": [
            [
              22,
              5
            ]
          ],
          "distance": 8.94427190999916,
          "duration": 0.223606797749979,
          "cost": 0.894427190999916
        },
        {
          "sequence": [
            "depot",
            22,
            "depot"
          ],
          "visited_points_and_loads": [
            [
              22,
              5
            ]
          ],
          "distance": 8.94427190999916,
          "duration": 0.223606797749979,
          "cost": 0.894427190999916
        },
        {
          "sequence": [
            "depot",
            22,
            "depot"
          ],
          "visited_points_and_loads": [
            [
              22,
              1
            ]
          ],
          "distance": 8.94427190999916,
          "duration": 0.223606797749979,
          "cost": 0.894427190999916
        },
        {
          "sequence": [
            "depot",
            38,
            "depot"
          ],
          "visited_points_and_loads": [
            [
              38,
              5
            ]
          ],
          "distance": 8.246211251235321,
          "duration": 0.20615528128088303,
          "cost": 0.8246211251235321
        },
        {
          "sequence": [
            "depot",
            38,
            "depot"
          ],
          "visited_points_and_loads": [
            [
              38,
              5
            ]
          ],
          "distance": 8.246211251235321,
          "duration": 0.20615528128088303,
          "cost": 0.8246211251235321
        },
        {
          "sequence": [
            "depot",
            38,
            "depot"
          ],
          "visited_points_and_loads": [
            [
              38,
              2
            ]
          ],
          "distance": 8.246211251235321,
          "duration": 0.20615528128088303,
          "cost": 0.8246211251235321
        },
        {
          "sequence": [
            "depot",
            11,
            "depot"
          ],
          "visited_points_and_loads": [
            [
              11,
              5
            ]
          ],
          "distance": 29.120439557122072,
          "duration": 0.7280109889280518,
          "cost": 2.9120439557122073
        },
        {
          "sequence": [
            "depot",
            11,
            "depot"
          ],
          "visited_points_and_loads": [
            [
              11,
              5
            ]
          ],
          "distance": 29.120439557122072,
          "duration": 0.7280109889280518,
          "cost": 2.9120439557122073
        },
        {
          "sequence": [
            "depot",
            11,
            "depot"
          ],
          "visited_points_and_loads": [
            [
              11,
              2
            ]
          ],
          "distance": 29.120439557122072,
          "duration": 0.7280109889280518,
          "cost": 2.9120439557122073
        },
        {
          "sequence": [
            "depot",
            39,
            "depot"
          ],
          "visited_points_and_loads": [
            [
              39,
              5
            ]
          ],
          "distance": 14.422205101855956,
          "duration": 0.3605551275463989,
          "cost": 1.4422205101855958
        },
        {
          "sequence": [
            "depot",
            13,
            "depot"
          ],
          "visited_points_and_loads": [
            [
              13,
              2
            ]
          ],